year,national_cath_share,hrr_mean_cath_share
1980,0.13333333333333333,0.13642556567603467
1981,0.12866313145408875,0.1359701080675253
1982,0.1518677281077771,0.16002406182166526
1983,0.1570222563315426,0.16580288993628234
1984,0.16055045871559634,0.1703954665840183
1985,0.16676819981724034,0.17909596000168124
1986,0.18174870070314889,0.20176340077358798
1987,0.19222528313437404,0.21636706352808063
1988,0.20495943670595437,0.22521172573010506
1989,0.21314524879863586,0.23569225808469635
1990,0.23386591478696742,0.2621720137582279
1991,0.25015862944162437,0.2806560773486213
1992,0.26846291186495697,0.30040437572820916
1993,0.29048582995951416,0.32166831549383307
1994,0.3062106210621062,0.3408857387536681
1995,0.3053211009174312,0.3381750770788159
1996,0.3032756716967243,0.34203656901109497
1997,0.3165838746656477,0.3554158538353903
1998,0.3226504128981518,0.36114212275459867
1999,0.3275288593230288,0.3601851648527376
2000,0.3354281225451689,0.36928035927853514
2001,0.34446640316205535,0.3770248342067183
2002,0.3544797969939489,0.38604161485679434
2003,0.3532137819867016,0.385546133800211
2004,NA,NA
2005,NA,NA
2006,NA,NA
2007,NA,NA
2008,NA,NA
2009,NA,NA
2010,NA,NA
2011,NA,NA
2012,NA,NA
2013,NA,NA
2014,NA,NA
2015,NA,NA
2016,NA,NA
2017,NA,NA
2018,NA,NA
2019,NA,NA
2020,NA,NA
2021,NA,NA
2022,NA,NA
2023,NA,NA
2024,NA,NA
