year,lo,hi,anchor
0,0,0,0
1,0.00975,0.02275,0.01625
2,0.022912500000000002,0.0534625,0.038187500000000006
3,0.037269375,0.08696187500000001,0.06211562500000001
4,0.052044281250000005,0.12143665625,0.08674046875000001
5,0.06696549843749999,0.15625282968749998,0.1116091640625
6,0.08193792445312499,0.191188490390625,0.136563207421875
7,0.09692827355859376,0.22616597163671875,0.16154712259765627
8,0.1119248957455078,0.2611580900728515,0.18654149290917968
9,0.1269237135109277,0.296155331525498,0.21153952251821287
10,0.14192329972882467,0.33115436603392423,0.23653883288137448
11,0.15692315490508865,0.3661540281118735,0.2615385915084811
12,0.171923104216781,0.40115390983915566,0.28653850702796835
13,0.18692308647587333,0.43615386844370446,0.3115384774597889
14,0.2019230802665557,0.4711538539552966,0.33653846711092616
15,0.21692307809329453,0.5061538488843539,0.36153846348882424
16,0.23192307733265313,0.541153847109524,0.38653846222108856
17,0.24692307706642863,0.5761538464883335,0.41153846177738107
18,0.26192307697325007,0.6111538462709168,0.4365384616220835
19,0.27692307694063756,0.646153846194821,0.4615384615677293
20,0.29192307692922315,0.6811538461681873,0.4865384615487053
21,0.2971730769252281,0.6934038461588655,0.49528846154204687
22,0.2990105769238298,0.6976913461556029,0.49835096153971636
23,0.2996537019233404,0.699191971154461,0.4994228365389007
24,0.29987879567316916,0.6997171899040613,0.49979799278861525
25,0.2999575784856092,0.6999010164664216,0.4999292974760154
26,0.29998515246996327,0.6999653557632476,0.4999752541166054
27,0.29999480336448714,0.6999878745171366,0.4999913389408119
28,0.2999981811775705,0.6999957560809978,0.49999696862928417
29,0.29999936341214967,0.6999985146283493,0.4999989390202495
30,0.2999997771942524,0.6999994801199223,0.49999962865708736
31,0.29999992201798836,0.6999998180419728,0.4999998700299806
32,0.2999999727062959,0.6999999363146905,0.4999999545104932
33,0.29999999044720355,0.6999999777101416,0.4999999840786726
34,0.2999999966565212,0.6999999921985495,0.49999999442753534
35,0.2999999988297824,0.6999999972694922,0.49999999804963735
36,0.29999999959042384,0.6999999990443223,0.4999999993173731
37,0.2999999998566483,0.6999999996655127,0.49999999976108056
38,0.2999999999498269,0.6999999998829295,0.4999999999163782
39,0.2999999999824394,0.6999999999590253,0.4999999999707324
40,0.2999999999938538,0.6999999999856588,0.4999999999897563
41,0.2999999999978488,0.6999999999949805,0.4999999999964147
42,0.2999999999992471,0.6999999999982432,0.49999999999874517
43,0.2999999999997365,0.6999999999993851,0.4999999999995608
44,0.2999999999999078,0.6999999999997848,0.49999999999984635
45,0.29999999999996774,0.6999999999999247,0.4999999999999462
46,0.2999999999999887,0.6999999999999736,0.4999999999999812
47,0.29999999999999605,0.6999999999999907,0.4999999999999934
48,0.2999999999999986,0.6999999999999967,0.4999999999999977
49,0.29999999999999954,0.6999999999999988,0.4999999999999992
50,0.2999999999999998,0.6999999999999996,0.4999999999999997
51,0.29999999999999993,0.6999999999999998,0.4999999999999999
52,0.3,0.7,0.5
53,0.3,0.7,0.5
54,0.3,0.7,0.5
55,0.3,0.7,0.5
56,0.3,0.7,0.5
57,0.3,0.7,0.5
58,0.3,0.7,0.5
59,0.3,0.7,0.5
60,0.3,0.7,0.5
