statistic,value
beta_true,0.05919225906090113
placebo_mean,3.5796046407676914e-4
placebo_sd,0.021205813278368558
placebo_p025,-0.043289798492447136
placebo_p975,0.04012878809722693
ri_p_two_sided,0.004
ri_p_right_tail,0.001
within_hrr_sd,0.10907519706068224
between_hrr_sd,0.1323474513127437
within_share,0.40449117443671495
n_perm,1000
n_obs,10729
n_cardio,3207
n_hrr,92
region_placebo_mean,0.01563603261093136
region_placebo_sd,0.011893061132286255
region_placebo_p025,-0.00801726373602642
region_placebo_p975,0.03874554228801561
region_placebo_max,0.052611087137573405
region_ri_p_two_sided,0
region_ri_p_right_tail,0
